-- phpMyAdmin SQL Dump
-- version 5.2.1
-- https://www.phpmyadmin.net/
--
-- Host: 127.0.0.1
-- Generation Time: Jan 14, 2025 at 04:49 AM
-- Server version: 10.4.32-MariaDB
-- PHP Version: 8.0.30

SET SQL_MODE = "NO_AUTO_VALUE_ON_ZERO";
START TRANSACTION;
SET time_zone = "+00:00";


/*!40101 SET @OLD_CHARACTER_SET_CLIENT=@@CHARACTER_SET_CLIENT */;
/*!40101 SET @OLD_CHARACTER_SET_RESULTS=@@CHARACTER_SET_RESULTS */;
/*!40101 SET @OLD_COLLATION_CONNECTION=@@COLLATION_CONNECTION */;
/*!40101 SET NAMES utf8mb4 */;

--
-- Database: `production_management`
--

-- --------------------------------------------------------

--
-- Stand-in structure for view `all_order_view`
-- (See below for the actual view)
--
CREATE TABLE `all_order_view` (
`id` int(11)
,`customar_id` int(11)
,`order_total` double
,`discount` double
,`shipping_address` varchar(200)
,`paid_amount` double
,`status_id` int(11)
,`order_date` date
,`delivery_date` date
,`vat` double
,`created_at` datetime
,`updated_at` datetime
,`uom_id` int(11)
,`customar` varchar(50)
,`status` varchar(50)
,`uom` varchar(50)
);

-- --------------------------------------------------------

--
-- Stand-in structure for view `all_products_view`
-- (See below for the actual view)
--
CREATE TABLE `all_products_view` (
`id` int(11)
,`name` varchar(50)
,`price` double
,`offer_price` double
,`categorie_id` int(11)
,`uom_id` int(11)
,`barcode` int(11)
,`sku` int(11)
,`manufacturer_id` int(11)
,`star` varchar(50)
,`photo` varchar(100)
,`description` varchar(200)
,`weight` int(11)
,`size` varchar(50)
,`is_feature` varchar(50)
,`is_brand` varchar(50)
,`created_at` datetime
,`updated_at` datetime
,`manufacturer` varchar(50)
,`categories` varchar(50)
,`uom` varchar(50)
);

-- --------------------------------------------------------

--
-- Stand-in structure for view `all_products_views`
-- (See below for the actual view)
--
CREATE TABLE `all_products_views` (
`id` int(11)
,`name` varchar(50)
,`price` double
,`offer_price` double
,`categorie_id` int(11)
,`uom_id` int(11)
,`barcode` int(11)
,`sku` int(11)
,`manufacturer_id` int(11)
,`star` varchar(50)
,`photo` varchar(100)
,`description` varchar(200)
,`weight` int(11)
,`size` varchar(50)
,`is_feature` varchar(50)
,`is_brand` varchar(50)
,`created_at` datetime
,`updated_at` datetime
,`is_raw_material` tinyint(1)
,`manufacturer` varchar(50)
,`categories` varchar(50)
,`uom` varchar(50)
);

-- --------------------------------------------------------

--
-- Stand-in structure for view `all_product_views`
-- (See below for the actual view)
--
CREATE TABLE `all_product_views` (
`id` int(11)
,`name` varchar(50)
,`price` double
,`offer_price` double
,`categorie_id` int(11)
,`uom_id` int(11)
,`barcode` int(11)
,`sku` int(11)
,`manufacturer_id` int(11)
,`star` varchar(50)
,`photo` varchar(100)
,`description` varchar(200)
,`weight` int(11)
,`size` varchar(50)
,`is_feature` varchar(50)
,`is_brand` varchar(50)
,`created_at` datetime
,`updated_at` datetime
,`is_raw_material` tinyint(1)
,`sub_categorie_id` int(11)
,`manufacturer` varchar(50)
,`categories` varchar(50)
,`subcategory` varchar(50)
,`uom` varchar(50)
);

-- --------------------------------------------------------

--
-- Stand-in structure for view `all_purchases_view`
-- (See below for the actual view)
--
CREATE TABLE `all_purchases_view` (
`id` int(11)
,`supplier_id` int(11)
,`status_id` int(11)
,`order_total` double
,`paid_amount` double
,`discount` double
,`vat` double
,`delivery_date` date
,`date` date
,`shipping_address` varchar(150)
,`description` varchar(150)
,`created_at` datetime
,`updated_at` datetime
,`product_id` int(11)
,`supllier` varchar(50)
,`status` varchar(50)
);

-- --------------------------------------------------------

--
-- Table structure for table `core_adjustment_type`
--

CREATE TABLE `core_adjustment_type` (
  `id` int(11) NOT NULL,
  `name` varchar(50) DEFAULT NULL,
  `factor` float DEFAULT NULL,
  `created_at` datetime DEFAULT current_timestamp(),
  `updated_at` datetime DEFAULT current_timestamp()
) ENGINE=InnoDB DEFAULT CHARSET=latin1 COLLATE=latin1_swedish_ci;

-- --------------------------------------------------------

--
-- Table structure for table `core_build`
--

CREATE TABLE `core_build` (
  `id` int(11) NOT NULL,
  `production_detail_id` int(11) DEFAULT NULL,
  `material_id` int(11) DEFAULT NULL,
  `uom_id` int(11) DEFAULT NULL,
  `build_step` varchar(255) DEFAULT NULL,
  `start_date` date DEFAULT NULL,
  `end_date` date DEFAULT NULL,
  `status_id` int(11) DEFAULT NULL,
  `worker_assigned` varchar(255) DEFAULT NULL,
  `qty` int(11) DEFAULT NULL,
  `materials_used` text DEFAULT NULL,
  `notes` text DEFAULT NULL,
  `created_at` datetime DEFAULT current_timestamp(),
  `updated_at` datetime DEFAULT current_timestamp(),
  `product_id` int(11) NOT NULL,
  `total_cost` decimal(10,2) NOT NULL
) ENGINE=InnoDB DEFAULT CHARSET=latin1 COLLATE=latin1_swedish_ci;

--
-- Dumping data for table `core_build`
--

INSERT INTO `core_build` (`id`, `production_detail_id`, `material_id`, `uom_id`, `build_step`, `start_date`, `end_date`, `status_id`, `worker_assigned`, `qty`, `materials_used`, `notes`, `created_at`, `updated_at`, `product_id`, `total_cost`) VALUES
(1, 0, 28, 0, '0', '2024-12-24', '2024-12-24', 2, '5', 2, '0', 'build', '2024-12-24 00:00:00', '2024-12-24 00:00:00', 0, 0.00),
(2, 0, 28, 0, '0', '2024-12-24', '2024-12-24', 2, '5', 18, '0', 'build', '2024-12-24 00:00:00', '2024-12-24 00:00:00', 0, 0.00),
(3, 0, 0, 0, '0', '2024-12-24', '2024-12-24', 2, '5', 2, '0', 'build', '2024-12-24 00:00:00', '2024-12-24 00:00:00', 28, 0.00),
(4, 0, 0, 7, '0', '2024-12-24', '2024-12-27', 2, '5', 2, '0', 'build', '2024-12-24 00:00:00', '2024-12-24 00:00:00', 28, 0.00),
(5, 0, 0, 7, '0', '2024-12-25', '2024-12-28', 2, '5', 2, '0', 'build', '2024-12-25 00:00:00', '2024-12-25 00:00:00', 28, 0.00),
(6, 0, 0, 7, '0', '0000-00-00', '0000-00-00', 2, '5', 2, '0', 'build', '2024-12-25 00:00:00', '2024-12-25 00:00:00', 28, 0.00),
(7, 0, 0, 7, '0', '0000-00-00', '0000-00-00', 2, '5', 2, '0', 'build', '2024-12-25 00:00:00', '2024-12-25 00:00:00', 28, 0.00),
(8, 0, 0, 7, '0', '2024-12-26', '2024-12-30', 2, '5', 2, '0', 'build', '2024-12-26 00:00:00', '2024-12-26 00:00:00', 28, 0.00),
(9, 0, 0, 7, '0', '2024-12-26', '2024-12-30', 2, '5', 2, '0', 'build', '2024-12-26 00:00:00', '2024-12-26 00:00:00', 28, 0.00),
(10, 0, 0, 7, '0', '2024-12-26', '2024-12-30', 2, '5', 2, '0', 'build', '2024-12-26 00:00:00', '2024-12-26 00:00:00', 28, 0.00),
(11, 0, 0, 7, '0', '0000-00-00', '0000-00-00', 2, '5', 2, '0', 'build', '2024-12-26 00:00:00', '2024-12-26 00:00:00', 28, 1879.50),
(12, 0, 0, 7, '0', '0000-00-00', '0000-00-00', 2, '5', 2, '0', 'build', '2024-12-26 00:00:00', '2024-12-26 00:00:00', 18, 3045.00),
(13, 0, 0, 7, '0', '0000-00-00', '0000-00-00', 2, '5', 6, '0', 'build', '2024-12-26 00:00:00', '2024-12-26 00:00:00', 18, 9135.00),
(14, 0, 0, 7, '0', '2024-12-26', '2024-12-30', 2, '5', 5, '0', 'build', '2024-12-26 00:00:00', '2024-12-26 00:00:00', 28, 2047.50),
(15, 0, 0, 7, '0', '2024-12-31', '2025-01-01', 2, '5', 2, '0', 'build', '2024-12-31 00:00:00', '2024-12-31 00:00:00', 28, 7875.00);

-- --------------------------------------------------------

--
-- Table structure for table `core_categories`
--

CREATE TABLE `core_categories` (
  `id` int(11) NOT NULL,
  `name` varchar(50) DEFAULT NULL,
  `created_at` datetime DEFAULT current_timestamp(),
  `updated_at` datetime DEFAULT current_timestamp()
) ENGINE=InnoDB DEFAULT CHARSET=latin1 COLLATE=latin1_swedish_ci;

--
-- Dumping data for table `core_categories`
--

INSERT INTO `core_categories` (`id`, `name`, `created_at`, `updated_at`) VALUES
(11, 'Stationery', '2024-12-14 18:15:40', '2024-12-14 18:15:40'),
(16, 'Electronic', '2024-12-14 18:39:03', '2024-12-14 18:39:03');

-- --------------------------------------------------------

--
-- Table structure for table `core_customars`
--

CREATE TABLE `core_customars` (
  `id` int(11) NOT NULL,
  `name` varchar(50) DEFAULT NULL,
  `phone` varchar(20) DEFAULT NULL,
  `email` varchar(30) DEFAULT NULL,
  `address` varchar(200) DEFAULT NULL,
  `photo` varchar(100) DEFAULT NULL,
  `created_at` datetime DEFAULT current_timestamp(),
  `updated_at` datetime DEFAULT current_timestamp()
) ENGINE=InnoDB DEFAULT CHARSET=latin1 COLLATE=latin1_swedish_ci;

--
-- Dumping data for table `core_customars`
--

INSERT INTO `core_customars` (`id`, `name`, `phone`, `email`, `address`, `photo`, `created_at`, `updated_at`) VALUES
(1, 'Anny', '0123654789', 'anny@gmail.com', 'Dhaka', 'avatar-4.png', '2024-11-20 18:02:45', '2024-11-20 18:02:45'),
(2, 'Tonoynna', '0236985211', 'tonoynna@gmail.com', 'Rajshahi', 'avatar-6.png', '2024-11-20 18:06:08', '2024-11-20 18:06:08'),
(3, 'Rashed khan', '23659898', 'rashedkhan@gmail.com', 'Dhanmondi, Dhaka', 'avatar-3.png', '2024-11-20 18:10:44', '2024-11-20 18:10:44'),
(4, 'smith ', '1236547889', 'smith@gmial.com', 'Naogaon', 'avatar-9.png', '2024-11-20 18:15:34', '2024-11-20 18:15:34'),
(5, 'David Khanon', '01318172994', 'davidkhanon@gmail.com', 'Dhaka', 'avatar-7.png', '2024-11-21 16:56:13', '2024-11-21 16:56:13');

-- --------------------------------------------------------

--
-- Table structure for table `core_manufacturers`
--

CREATE TABLE `core_manufacturers` (
  `id` int(11) NOT NULL,
  `name` varchar(50) DEFAULT NULL,
  `phone` varchar(20) DEFAULT NULL,
  `email` varchar(30) DEFAULT NULL,
  `address` varchar(200) DEFAULT NULL,
  `created_at` datetime DEFAULT current_timestamp(),
  `updated_at` datetime DEFAULT current_timestamp()
) ENGINE=InnoDB DEFAULT CHARSET=latin1 COLLATE=latin1_swedish_ci;

--
-- Dumping data for table `core_manufacturers`
--

INSERT INTO `core_manufacturers` (`id`, `name`, `phone`, `email`, `address`, `created_at`, `updated_at`) VALUES
(1, 'Royal Industry', '01318172994', 'rahman@gmail.com', 'Dhaka', '2024-11-20 23:31:52', '2024-11-20 23:31:52');

-- --------------------------------------------------------

--
-- Table structure for table `core_orders`
--

CREATE TABLE `core_orders` (
  `id` int(11) NOT NULL,
  `customar_id` int(11) DEFAULT NULL,
  `order_total` double DEFAULT NULL,
  `discount` double DEFAULT NULL,
  `shipping_address` varchar(200) DEFAULT NULL,
  `paid_amount` double DEFAULT NULL,
  `status_id` int(11) DEFAULT NULL,
  `order_date` date DEFAULT NULL,
  `delivery_date` date DEFAULT NULL,
  `vat` double DEFAULT NULL,
  `created_at` datetime DEFAULT current_timestamp(),
  `updated_at` datetime DEFAULT current_timestamp(),
  `uom_id` int(11) NOT NULL
) ENGINE=InnoDB DEFAULT CHARSET=latin1 COLLATE=latin1_swedish_ci;

--
-- Dumping data for table `core_orders`
--

INSERT INTO `core_orders` (`id`, `customar_id`, `order_total`, `discount`, `shipping_address`, `paid_amount`, `status_id`, `order_date`, `delivery_date`, `vat`, `created_at`, `updated_at`, `uom_id`) VALUES
(24, 4, 13650, 0, '', 13650, 1, '2024-12-23', '2024-12-26', 1, '2024-12-23 21:10:34', '2024-12-23 21:10:34', 1),
(25, 2, 241500, 0, '', 241500, 1, '2024-12-23', '2024-12-26', 1, '2024-12-23 21:26:34', '2024-12-23 21:26:34', 1),
(26, 3, 504, 0, '', 504, 1, '2024-12-23', '2024-12-26', 1, '2024-12-23 22:44:17', '2024-12-23 22:44:17', 1),
(27, 3, 136.5, 0, '', 136.5, 1, '2024-12-23', '2024-12-26', 1, '2024-12-23 22:44:42', '2024-12-23 22:44:42', 1),
(28, 3, 114975, 0, '', 114975, 1, '2024-12-30', '2025-01-02', 1, '2024-12-30 17:02:53', '2024-12-30 17:02:53', 1),
(29, 3, 152250, 0, '', 152250, 1, '2024-12-30', '2025-01-02', 1, '2024-12-30 17:06:12', '2024-12-30 17:06:12', 1),
(30, 3, 147525, 0, '', 147525, 1, '2024-12-30', '2025-01-02', 1, '2024-12-30 17:08:07', '2024-12-30 17:08:07', 1),
(31, 3, 324450, 0, '', 324450, 1, '2024-12-30', '2025-01-02', 1, '2024-12-30 17:27:23', '2024-12-30 17:27:23', 1),
(32, 3, 354900, 0, '', 354900, 1, '2024-12-30', '2025-01-02', 1, '2024-12-30 17:33:31', '2024-12-30 17:33:31', 1),
(33, 3, 293475, 0, '', 293475, 1, '2024-12-30', '2025-01-02', 1, '2024-12-30 18:08:19', '2024-12-30 18:08:19', 1),
(34, 1, 92400, 0, '', 92400, 1, '1970-01-01', '1970-01-01', 1, '2024-12-30 18:14:28', '2024-12-30 18:14:28', 1),
(35, 1, 22575, 0, '', 22575, 1, '1970-01-01', '1970-01-01', 1, '2024-12-30 18:22:32', '2024-12-30 18:22:32', 1),
(36, 1, 178500, 0, '', 178500, 1, '1970-01-01', '1970-01-01', 1, '2024-12-30 18:23:34', '2024-12-30 18:23:34', 1),
(37, 1, 328650, 0, '', 328650, 1, '1970-01-01', '1970-01-01', 1, '2024-12-30 18:24:32', '2024-12-30 18:24:32', 1),
(38, 1, 234150, 0, '', 234150, 1, '1970-01-01', '1970-01-01', 1, '2024-12-30 18:25:58', '2024-12-30 18:25:58', 1),
(39, 1, 386.4, 0, '', 386.4, 1, '1970-01-01', '1970-01-01', 1, '2024-12-30 18:33:02', '2024-12-30 18:33:02', 1),
(40, 1, 7980, 0, '', 7980, 1, '1970-01-01', '1970-01-01', 1, '2024-12-30 18:34:22', '2024-12-30 18:34:22', 1),
(41, 1, 35700, 0, '', 35700, 1, '1970-01-01', '1970-01-01', 1, '2024-12-30 18:36:49', '2024-12-30 18:36:49', 1),
(42, 1, 23520, 0, '', 23520, 1, '1970-01-01', '1970-01-01', 1, '2024-12-30 18:47:40', '2024-12-30 18:47:40', 1),
(43, 2, 0, 0, '', 0, 1, '2024-12-30', '2025-01-03', 1, '2024-12-30 18:50:17', '2024-12-30 18:50:17', 1),
(44, 5, 72450, 0, 'Dhaka', 72450, 1, '2024-12-31', '2025-01-03', 1, '2024-12-31 00:31:57', '2024-12-31 00:31:57', 1);

-- --------------------------------------------------------

--
-- Table structure for table `core_order_details`
--

CREATE TABLE `core_order_details` (
  `id` int(11) NOT NULL,
  `order_id` int(11) DEFAULT NULL,
  `product_id` int(11) DEFAULT NULL,
  `qty` double DEFAULT NULL,
  `price` double DEFAULT NULL,
  `vat` double DEFAULT NULL,
  `created_at` datetime DEFAULT current_timestamp(),
  `updated_at` datetime DEFAULT current_timestamp(),
  `uom_id` int(11) NOT NULL,
  `discount` double NOT NULL,
  `unit_price` double NOT NULL
) ENGINE=InnoDB DEFAULT CHARSET=latin1 COLLATE=latin1_swedish_ci;

--
-- Dumping data for table `core_order_details`
--

INSERT INTO `core_order_details` (`id`, `order_id`, `product_id`, `qty`, `price`, `vat`, `created_at`, `updated_at`, `uom_id`, `discount`, `unit_price`) VALUES
(21, 17, 27, 2, 75000, 0, '2024-12-21 15:30:42', '2024-12-21 15:30:42', 0, 2000, 0),
(22, 18, 26, 2, 35000, 0, '2024-12-22 23:38:36', '2024-12-22 23:38:36', 0, 1000, 0),
(23, 19, 24, 2, 45000, 0, '2024-12-22 23:41:01', '2024-12-22 23:41:01', 0, 1000, 0),
(24, 19, 27, 2, 75000, 0, '2024-12-22 23:41:01', '2024-12-22 23:41:01', 0, 1000, 0),
(25, 20, 26, 2, 35000, 0, '2024-12-22 23:43:51', '2024-12-22 23:43:51', 0, 1000, 0),
(26, 20, 27, 2, 75000, 0, '2024-12-22 23:43:51', '2024-12-22 23:43:51', 0, 1000, 0),
(27, 21, 23, 2, 30, 0, '2024-12-22 23:53:50', '2024-12-22 23:53:50', 0, 10, 0),
(28, 21, 22, 2, 20, 0, '2024-12-22 23:53:50', '2024-12-22 23:53:50', 0, 10, 0),
(29, 21, 32, 2, 50, 0, '2024-12-22 23:53:50', '2024-12-22 23:53:50', 0, 20, 0),
(30, 22, 23, 5, 30, 0, '2024-12-23 00:36:38', '2024-12-23 00:36:38', 0, 10, 0),
(31, 22, 22, 3, 20, 0, '2024-12-23 00:36:38', '2024-12-23 00:36:38', 0, 10, 0),
(32, 23, 24, 2, 45000, 0, '2024-12-23 21:05:45', '2024-12-23 21:05:45', 0, 2000, 0),
(33, 24, 25, 2, 7500, 0, '2024-12-23 21:10:34', '2024-12-23 21:10:34', 0, 2000, 0),
(34, 25, 24, 2, 45000, 0, '2024-12-23 21:26:34', '2024-12-23 21:26:34', 0, 5000, 0),
(35, 25, 27, 2, 75000, 0, '2024-12-23 21:26:34', '2024-12-23 21:26:34', 0, 5000, 0),
(36, 26, 32, 10, 50, 0, '2024-12-23 22:44:17', '2024-12-23 22:44:17', 0, 20, 0),
(37, 27, 32, 3, 50, 0, '2024-12-23 22:44:42', '2024-12-23 22:44:42', 0, 20, 0),
(38, 28, 25, 3, 7500, 0, '2024-12-30 17:02:53', '2024-12-30 17:02:53', 0, 1000, 0),
(39, 28, 24, 2, 45000, 0, '2024-12-30 17:02:53', '2024-12-30 17:02:53', 0, 2000, 0),
(40, 29, 27, 2, 75000, 0, '2024-12-30 17:06:12', '2024-12-30 17:06:12', 0, 5000, 0),
(41, 30, 26, 3, 35000, 0, '2024-12-30 17:08:07', '2024-12-30 17:08:07', 0, 1000, 0),
(42, 30, 25, 5, 7500, 0, '2024-12-30 17:08:07', '2024-12-30 17:08:07', 0, 1000, 0),
(43, 31, 24, 2, 88000, 0, '2024-12-30 17:27:23', '2024-12-30 17:27:23', 0, 1000, 45000),
(44, 31, 27, 3, 210000, 0, '2024-12-30 17:27:23', '2024-12-30 17:27:23', 0, 5000, 75000),
(45, 32, 26, 3, 102000, 0, '2024-12-30 17:33:31', '2024-12-30 17:33:31', 0, 1000, 35000),
(46, 32, 24, 2, 88000, 0, '2024-12-30 17:33:31', '2024-12-30 17:33:31', 0, 1000, 45000),
(47, 32, 27, 2, 140000, 0, '2024-12-30 17:33:31', '2024-12-30 17:33:31', 0, 5000, 75000),
(48, 33, 25, 3, 19500, 0, '2024-12-30 18:08:19', '2024-12-30 18:08:19', 0, 1000, 7500),
(49, 33, 24, 2, 86000, 0, '2024-12-30 18:08:19', '2024-12-30 18:08:19', 0, 2000, 45000),
(50, 33, 26, 5, 150000, 0, '2024-12-30 18:08:19', '2024-12-30 18:08:19', 0, 5000, 35000),
(51, 34, 24, 2, 88000, 0, '2024-12-30 18:14:28', '2024-12-30 18:14:28', 0, 2000, 45000),
(52, 35, 25, 3, 21500, 0, '2024-12-30 18:22:32', '2024-12-30 18:22:32', 0, 0, 7500),
(53, 36, 26, 5, 170000, 0, '2024-12-30 18:23:34', '2024-12-30 18:23:34', 0, 5000, 35000),
(54, 37, 24, 7, 313000, 0, '2024-12-30 18:24:32', '2024-12-30 18:24:32', 0, 2000, 45000),
(55, 38, 27, 3, 223000, 0, '2024-12-30 18:25:58', '2024-12-30 18:25:58', 0, 2000, 75000),
(56, 39, 29, 4, 368, 0, '2024-12-30 18:33:02', '2024-12-30 18:33:02', 0, 12, 95),
(57, 40, 18, 18, 7600, 0, '2024-12-30 18:34:22', '2024-12-30 18:34:22', 0, 500, 450),
(58, 41, 26, 1, 34000, 0, '2024-12-30 18:36:49', '2024-12-30 18:36:49', 0, 1000, 35000),
(59, 42, 25, 3, 22400, 0, '2024-12-30 18:47:40', '2024-12-30 18:47:40', 0, 100, 7500),
(60, 44, 26, 2, 69000, 0, '2024-12-31 00:31:57', '2024-12-31 00:31:57', 0, 1000, 35000);

-- --------------------------------------------------------

--
-- Table structure for table `core_payments`
--

CREATE TABLE `core_payments` (
  `id` int(11) NOT NULL,
  `order_id` int(11) DEFAULT NULL,
  `payment_date` timestamp NOT NULL DEFAULT current_timestamp(),
  `Amount` decimal(10,2) DEFAULT NULL,
  `payment_method` varchar(50) DEFAULT NULL,
  `Status` varchar(50) DEFAULT NULL
) ENGINE=InnoDB DEFAULT CHARSET=latin1 COLLATE=latin1_swedish_ci;

-- --------------------------------------------------------

--
-- Table structure for table `core_portfolio_data`
--

CREATE TABLE `core_portfolio_data` (
  `id` int(11) NOT NULL,
  `name` varchar(100) NOT NULL,
  `email` varchar(100) NOT NULL,
  `phone` varchar(100) NOT NULL,
  `message` varchar(200) NOT NULL
) ENGINE=InnoDB DEFAULT CHARSET=utf8mb4 COLLATE=utf8mb4_general_ci;

--
-- Dumping data for table `core_portfolio_data`
--

INSERT INTO `core_portfolio_data` (`id`, `name`, `email`, `phone`, `message`) VALUES
(1, 'Rahim', 'rahim@gmail.com', '01785963214', 'done'),
(2, 'Karim', 'karim@gmail.com', '01325369874', 'done');

-- --------------------------------------------------------

--
-- Table structure for table `core_production`
--

CREATE TABLE `core_production` (
  `id` int(11) NOT NULL,
  `material_id` int(11) DEFAULT NULL,
  `uom_id` int(11) DEFAULT NULL,
  `product_id` int(11) DEFAULT NULL,
  `production_date` date DEFAULT NULL,
  `qty` int(11) DEFAULT NULL,
  `status_id` int(11) DEFAULT NULL,
  `unit_cost` decimal(10,2) DEFAULT NULL,
  `total_cost` decimal(10,2) DEFAULT NULL,
  `created_at` datetime DEFAULT current_timestamp(),
  `updated_at` datetime DEFAULT current_timestamp()
) ENGINE=InnoDB DEFAULT CHARSET=latin1 COLLATE=latin1_swedish_ci;

--
-- Dumping data for table `core_production`
--

INSERT INTO `core_production` (`id`, `material_id`, `uom_id`, `product_id`, `production_date`, `qty`, `status_id`, `unit_cost`, `total_cost`, `created_at`, `updated_at`) VALUES
(71, 0, 7, 28, '2024-12-24', 0, 2, 0.00, 2231.25, '0000-00-00 00:00:00', '0000-00-00 00:00:00'),
(72, 0, 7, 28, '2024-12-24', 1, 2, 0.00, 4042.50, '0000-00-00 00:00:00', '0000-00-00 00:00:00'),
(73, 0, 7, 28, '2024-12-24', 1, 2, 0.00, 1585.50, '0000-00-00 00:00:00', '0000-00-00 00:00:00'),
(74, 0, 7, 28, '2024-12-24', 1, 2, 0.00, 2814.00, '0000-00-00 00:00:00', '0000-00-00 00:00:00'),
(75, 0, 7, 28, '2024-12-24', 1, 2, 0.00, 6825.00, '0000-00-00 00:00:00', '0000-00-00 00:00:00'),
(76, 0, 7, 28, '2024-12-24', 1, 2, 0.00, 409.50, '0000-00-00 00:00:00', '0000-00-00 00:00:00'),
(77, 0, 7, 28, '2024-12-25', 1, 2, 0.00, 409.50, '0000-00-00 00:00:00', '0000-00-00 00:00:00'),
(78, 0, 7, 18, '1970-01-01', 50, 2, 0.00, 1522.50, '0000-00-00 00:00:00', '0000-00-00 00:00:00'),
(79, 0, 7, 28, '1970-01-01', 10, 2, 0.00, 939.75, '0000-00-00 00:00:00', '0000-00-00 00:00:00'),
(80, 0, 7, 28, '2024-12-31', 10, 2, 0.00, 3937.50, '0000-00-00 00:00:00', '0000-00-00 00:00:00');

-- --------------------------------------------------------

--
-- Table structure for table `core_production_details`
--

CREATE TABLE `core_production_details` (
  `id` int(11) NOT NULL,
  `material_id` int(11) DEFAULT NULL,
  `uom_id` int(11) DEFAULT NULL,
  `production_id` int(11) DEFAULT NULL,
  `product_id` int(11) DEFAULT NULL,
  `qty` decimal(10,2) DEFAULT NULL,
  `start_date` date DEFAULT NULL,
  `end_date` date DEFAULT NULL,
  `worker_assigned` varchar(255) DEFAULT NULL,
  `status_id` int(11) DEFAULT NULL,
  `unit_cost` decimal(10,2) DEFAULT NULL,
  `total_cost` decimal(10,2) DEFAULT NULL,
  `notes` varchar(200) DEFAULT NULL,
  `created_at` datetime DEFAULT current_timestamp(),
  `updated_at` datetime DEFAULT current_timestamp()
) ENGINE=InnoDB DEFAULT CHARSET=latin1 COLLATE=latin1_swedish_ci;

--
-- Dumping data for table `core_production_details`
--

INSERT INTO `core_production_details` (`id`, `material_id`, `uom_id`, `production_id`, `product_id`, `qty`, `start_date`, `end_date`, `worker_assigned`, `status_id`, `unit_cost`, `total_cost`, `notes`, `created_at`, `updated_at`) VALUES
(40, 0, 0, 44, 31, 4.00, '1970-01-01', '1970-01-01', '', 2, 0.00, 504.00, '', '0000-00-00 00:00:00', '0000-00-00 00:00:00'),
(41, 0, 0, 45, 32, 4.00, '1970-01-01', '1970-01-01', '', 2, 0.00, 210.00, '', '0000-00-00 00:00:00', '0000-00-00 00:00:00'),
(42, 0, 0, 46, 31, 4.00, '1970-01-01', '1970-01-01', '', 2, 0.00, 504.00, '', '0000-00-00 00:00:00', '0000-00-00 00:00:00'),
(43, 0, 0, 47, 30, 4.00, '1970-01-01', '1970-01-01', '', 2, 0.00, 462.00, '', '0000-00-00 00:00:00', '0000-00-00 00:00:00'),
(44, 0, 0, 48, 32, 4.00, '1970-01-01', '1970-01-01', '', 2, 0.00, 210.00, '', '0000-00-00 00:00:00', '0000-00-00 00:00:00'),
(45, 0, 0, 49, 31, 2.00, '1970-01-01', '1970-01-01', '', 2, 0.00, 252.00, '', '0000-00-00 00:00:00', '0000-00-00 00:00:00'),
(46, 0, 0, 50, 30, 6.00, '2024-12-22', '2024-12-25', '', 2, 0.00, 693.00, '', '0000-00-00 00:00:00', '0000-00-00 00:00:00'),
(47, 0, 0, 51, 32, 7.00, '2024-12-22', '2024-12-25', '', 2, 0.00, 367.50, '', '0000-00-00 00:00:00', '0000-00-00 00:00:00'),
(48, 0, 0, 52, 30, 5.00, '2024-12-23', '2024-12-26', '', 2, 110.00, 577.50, '', '0000-00-00 00:00:00', '0000-00-00 00:00:00'),
(49, 0, 0, 53, 30, 4.00, '2024-12-23', '2024-12-26', '', 2, 110.00, 1527.75, '', '0000-00-00 00:00:00', '0000-00-00 00:00:00'),
(50, 0, 0, 53, 29, 5.00, '2024-12-23', '2024-12-26', '', 2, 95.00, 1527.75, '', '0000-00-00 00:00:00', '0000-00-00 00:00:00'),
(51, 0, 0, 53, 31, 2.00, '2024-12-23', '2024-12-26', '', 2, 120.00, 1527.75, '', '0000-00-00 00:00:00', '0000-00-00 00:00:00'),
(52, 0, 0, 53, 32, 6.00, '2024-12-23', '2024-12-26', '', 2, 50.00, 1527.75, '', '0000-00-00 00:00:00', '0000-00-00 00:00:00'),
(53, 0, 0, 54, 31, 5.00, '2024-12-23', '2024-12-26', '', 2, 120.00, 1155.00, '', '0000-00-00 00:00:00', '0000-00-00 00:00:00'),
(54, 0, 0, 54, 32, 10.00, '2024-12-23', '2024-12-26', '', 2, 50.00, 1155.00, '', '0000-00-00 00:00:00', '0000-00-00 00:00:00'),
(55, 0, 0, 55, 30, 4.00, '2024-12-23', '2024-12-26', '', 2, 110.00, 462.00, '', '0000-00-00 00:00:00', '0000-00-00 00:00:00'),
(56, 0, 0, 56, 31, 3.00, '1970-01-01', '1970-01-01', '', 2, 120.00, 378.00, '', '0000-00-00 00:00:00', '0000-00-00 00:00:00'),
(57, 0, 0, 57, 31, 3.00, '1970-01-01', '1970-01-01', '', 2, 120.00, 724.50, '', '0000-00-00 00:00:00', '0000-00-00 00:00:00'),
(58, 0, 0, 57, 30, 3.00, '1970-01-01', '1970-01-01', '', 2, 110.00, 724.50, '', '0000-00-00 00:00:00', '0000-00-00 00:00:00'),
(59, 0, 0, 58, 31, 3.00, '1970-01-01', '1970-01-01', '', 2, 120.00, 724.50, '', '0000-00-00 00:00:00', '0000-00-00 00:00:00'),
(60, 0, 0, 58, 30, 3.00, '1970-01-01', '1970-01-01', '', 2, 110.00, 724.50, '', '0000-00-00 00:00:00', '0000-00-00 00:00:00'),
(61, 0, 0, 59, 31, 5.00, '2024-12-23', '2024-12-26', '', 2, 120.00, 735.00, '', '0000-00-00 00:00:00', '0000-00-00 00:00:00'),
(62, 0, 0, 59, 32, 2.00, '2024-12-23', '2024-12-26', '', 2, 50.00, 735.00, '', '0000-00-00 00:00:00', '0000-00-00 00:00:00'),
(63, 0, 0, 60, 31, 5.00, '1970-01-01', '1970-01-01', '', 2, 120.00, 735.00, '', '0000-00-00 00:00:00', '0000-00-00 00:00:00'),
(64, 0, 0, 60, 32, 2.00, '1970-01-01', '1970-01-01', '', 2, 50.00, 735.00, '', '0000-00-00 00:00:00', '0000-00-00 00:00:00'),
(65, 0, 0, 61, 31, 5.00, '1970-01-01', '1970-01-01', '', 2, 120.00, 0.00, '', '0000-00-00 00:00:00', '0000-00-00 00:00:00'),
(66, 0, 0, 61, 32, 2.00, '1970-01-01', '1970-01-01', '', 2, 50.00, 0.00, '', '0000-00-00 00:00:00', '0000-00-00 00:00:00'),
(67, 0, 0, 62, 31, 5.00, '1970-01-01', '1970-01-01', '', 2, 120.00, 735.00, '', '0000-00-00 00:00:00', '0000-00-00 00:00:00'),
(68, 0, 0, 62, 32, 2.00, '1970-01-01', '1970-01-01', '', 2, 50.00, 735.00, '', '0000-00-00 00:00:00', '0000-00-00 00:00:00'),
(69, 0, 0, 63, 31, 5.00, '1970-01-01', '1970-01-01', '', 2, 0.00, 735.00, '', '0000-00-00 00:00:00', '0000-00-00 00:00:00'),
(70, 0, 0, 63, 32, 2.00, '1970-01-01', '1970-01-01', '', 2, 0.00, 735.00, '', '0000-00-00 00:00:00', '0000-00-00 00:00:00'),
(71, 0, 0, 64, 31, 5.00, '1970-01-01', '1970-01-01', '', 2, 0.00, 735.00, '', '0000-00-00 00:00:00', '0000-00-00 00:00:00'),
(72, 0, 0, 64, 32, 2.00, '1970-01-01', '1970-01-01', '', 2, 0.00, 735.00, '', '0000-00-00 00:00:00', '0000-00-00 00:00:00'),
(73, 0, 2, 65, 31, 3.00, '2024-12-23', '2024-12-26', '', 2, 0.00, 378.00, '', '0000-00-00 00:00:00', '0000-00-00 00:00:00'),
(74, 0, 2, 66, 32, 4.00, '2024-12-23', '2024-12-26', '', 2, 0.00, 210.00, '', '0000-00-00 00:00:00', '0000-00-00 00:00:00'),
(75, 0, 2, 67, 31, 5.00, '2024-12-23', '2024-12-26', '', 2, 0.00, 630.00, '', '0000-00-00 00:00:00', '0000-00-00 00:00:00'),
(76, 0, 2, 68, 31, 5.00, '2024-12-23', '2024-12-26', '', 2, 0.00, 630.00, '', '0000-00-00 00:00:00', '0000-00-00 00:00:00'),
(77, 0, 2, 69, 31, 3.00, '2024-12-23', '2024-12-26', '', 2, 120.00, 378.00, '', '0000-00-00 00:00:00', '0000-00-00 00:00:00'),
(78, 0, 2, 70, 32, 26.00, '2024-12-23', '2024-12-26', '', 2, 50.00, 4179.00, '', '0000-00-00 00:00:00', '0000-00-00 00:00:00'),
(79, 0, 2, 70, 31, 4.00, '2024-12-23', '2024-12-26', '', 2, 120.00, 4179.00, '', '0000-00-00 00:00:00', '0000-00-00 00:00:00'),
(80, 0, 2, 70, 30, 20.00, '2024-12-23', '2024-12-26', '', 2, 110.00, 4179.00, '', '0000-00-00 00:00:00', '0000-00-00 00:00:00'),
(81, 0, 2, 71, 30, 5.00, '2024-12-24', '2024-12-28', '', 2, 110.00, 2231.25, '', '0000-00-00 00:00:00', '0000-00-00 00:00:00'),
(82, 0, 2, 71, 31, 5.00, '2024-12-24', '2024-12-28', '', 2, 120.00, 2231.25, '', '0000-00-00 00:00:00', '0000-00-00 00:00:00'),
(83, 0, 2, 71, 29, 5.00, '2024-12-24', '2024-12-28', '', 2, 95.00, 2231.25, '', '0000-00-00 00:00:00', '0000-00-00 00:00:00'),
(84, 0, 2, 71, 32, 10.00, '2024-12-24', '2024-12-28', '', 2, 50.00, 2231.25, '', '0000-00-00 00:00:00', '0000-00-00 00:00:00'),
(85, 0, 2, 72, 30, 15.00, '2024-12-24', '2024-12-28', '', 2, 110.00, 4042.50, '', '0000-00-00 00:00:00', '0000-00-00 00:00:00'),
(86, 0, 2, 72, 31, 10.00, '2024-12-24', '2024-12-28', '', 2, 120.00, 4042.50, '', '0000-00-00 00:00:00', '0000-00-00 00:00:00'),
(87, 0, 2, 72, 32, 20.00, '2024-12-24', '2024-12-28', '', 2, 50.00, 4042.50, '', '0000-00-00 00:00:00', '0000-00-00 00:00:00'),
(88, 0, 2, 73, 30, 5.00, '2024-12-24', '2024-12-27', '', 2, 110.00, 1585.50, '', '0000-00-00 00:00:00', '0000-00-00 00:00:00'),
(89, 0, 2, 73, 31, 8.00, '2024-12-24', '2024-12-27', '', 2, 120.00, 1585.50, '', '0000-00-00 00:00:00', '0000-00-00 00:00:00'),
(90, 0, 2, 74, 31, 14.00, '2024-12-24', '2024-12-27', '', 2, 120.00, 2814.00, '', '0000-00-00 00:00:00', '0000-00-00 00:00:00'),
(91, 0, 2, 74, 32, 20.00, '2024-12-24', '2024-12-27', '', 2, 50.00, 2814.00, '', '0000-00-00 00:00:00', '0000-00-00 00:00:00'),
(92, 0, 2, 75, 31, 50.00, '2024-12-24', '2024-12-24', '', 2, 120.00, 6825.00, '', '0000-00-00 00:00:00', '0000-00-00 00:00:00'),
(93, 0, 2, 75, 32, 10.00, '2024-12-24', '2024-12-24', '', 2, 50.00, 6825.00, '', '0000-00-00 00:00:00', '0000-00-00 00:00:00'),
(94, 0, 2, 76, 31, 2.00, '2024-12-24', '2024-12-27', '', 2, 120.00, 409.50, '', '0000-00-00 00:00:00', '0000-00-00 00:00:00'),
(95, 0, 2, 76, 32, 3.00, '2024-12-24', '2024-12-27', '', 2, 50.00, 409.50, '', '0000-00-00 00:00:00', '0000-00-00 00:00:00'),
(96, 0, 2, 77, 31, 2.00, '2024-12-25', '2024-12-28', '', 2, 120.00, 409.50, '', '0000-00-00 00:00:00', '0000-00-00 00:00:00'),
(97, 0, 2, 77, 32, 3.00, '2024-12-25', '2024-12-28', '', 2, 50.00, 409.50, '', '0000-00-00 00:00:00', '0000-00-00 00:00:00'),
(98, 0, 2, 78, 30, 3.00, '1970-01-01', '1970-01-01', '', 2, 110.00, 1522.50, '', '0000-00-00 00:00:00', '0000-00-00 00:00:00'),
(99, 0, 2, 78, 29, 4.00, '1970-01-01', '1970-01-01', '', 2, 95.00, 1522.50, '', '0000-00-00 00:00:00', '0000-00-00 00:00:00'),
(100, 0, 2, 78, 31, 2.00, '1970-01-01', '1970-01-01', '', 2, 120.00, 1522.50, '', '0000-00-00 00:00:00', '0000-00-00 00:00:00'),
(101, 0, 2, 78, 32, 10.00, '1970-01-01', '1970-01-01', '', 2, 50.00, 1522.50, '', '0000-00-00 00:00:00', '0000-00-00 00:00:00'),
(102, 0, 2, 79, 29, 3.00, '1970-01-01', '1970-01-01', '', 2, 95.00, 939.75, '', '0000-00-00 00:00:00', '0000-00-00 00:00:00'),
(103, 0, 2, 79, 30, 2.00, '1970-01-01', '1970-01-01', '', 2, 110.00, 939.75, '', '0000-00-00 00:00:00', '0000-00-00 00:00:00'),
(104, 0, 2, 79, 31, 2.00, '1970-01-01', '1970-01-01', '', 2, 120.00, 939.75, '', '0000-00-00 00:00:00', '0000-00-00 00:00:00'),
(105, 0, 2, 79, 32, 3.00, '1970-01-01', '1970-01-01', '', 2, 50.00, 939.75, '', '0000-00-00 00:00:00', '0000-00-00 00:00:00'),
(106, 0, 2, 80, 30, 10.00, '2024-12-31', '2025-01-01', '', 2, 110.00, 3937.50, '', '0000-00-00 00:00:00', '0000-00-00 00:00:00'),
(107, 0, 2, 80, 29, 10.00, '2024-12-31', '2025-01-01', '', 2, 95.00, 3937.50, '', '0000-00-00 00:00:00', '0000-00-00 00:00:00'),
(108, 0, 2, 80, 31, 10.00, '2024-12-31', '2025-01-01', '', 2, 120.00, 3937.50, '', '0000-00-00 00:00:00', '0000-00-00 00:00:00'),
(109, 0, 2, 80, 32, 10.00, '2024-12-31', '2025-01-01', '', 2, 50.00, 3937.50, '', '0000-00-00 00:00:00', '0000-00-00 00:00:00');

-- --------------------------------------------------------

--
-- Table structure for table `core_products`
--

CREATE TABLE `core_products` (
  `id` int(11) NOT NULL,
  `name` varchar(50) DEFAULT NULL,
  `price` double DEFAULT NULL,
  `offer_price` double DEFAULT NULL,
  `categorie_id` int(11) DEFAULT NULL,
  `uom_id` int(11) DEFAULT NULL,
  `barcode` int(11) DEFAULT NULL,
  `sku` int(11) DEFAULT NULL,
  `manufacturer_id` int(11) DEFAULT NULL,
  `star` varchar(50) DEFAULT NULL,
  `photo` varchar(100) DEFAULT NULL,
  `description` varchar(200) DEFAULT NULL,
  `weight` int(11) DEFAULT NULL,
  `size` varchar(50) DEFAULT NULL,
  `is_feature` varchar(50) DEFAULT NULL,
  `is_brand` varchar(50) DEFAULT NULL,
  `created_at` datetime DEFAULT current_timestamp(),
  `updated_at` datetime DEFAULT current_timestamp(),
  `is_raw_material` tinyint(1) NOT NULL,
  `sub_categorie_id` int(11) NOT NULL
) ENGINE=InnoDB DEFAULT CHARSET=latin1 COLLATE=latin1_swedish_ci;

--
-- Dumping data for table `core_products`
--

INSERT INTO `core_products` (`id`, `name`, `price`, `offer_price`, `categorie_id`, `uom_id`, `barcode`, `sku`, `manufacturer_id`, `star`, `photo`, `description`, `weight`, `size`, `is_feature`, `is_brand`, `created_at`, `updated_at`, `is_raw_material`, `sub_categorie_id`) VALUES
(18, 'Stapler ', 500, 450, 11, 0, 101, 101, 0, '', 'stapler.jpg', 'It is good', 0, '', '', '', '2024-12-14 17:22:20', '2024-12-14 17:22:20', 0, 1),
(22, 'Pencil', 20, 18, 11, 0, 0, 102, 0, '', 'pencil.jpg', 'It is good', 0, '', '', '', '2024-12-14 18:21:56', '2024-12-14 18:21:56', 0, 2),
(23, 'Pen', 35, 30, 11, 0, 0, 103, 0, '', 'pen2.webp', 'It is good', 0, '', '', '', '2024-12-14 18:22:55', '2024-12-14 18:22:55', 0, 3),
(24, 'Laptop', 50000, 45000, 16, 0, 0, 104, 0, '', 'laptop_586.webp', 'It is good', 0, '', '', '', '2024-12-14 18:25:20', '2024-12-14 18:25:20', 0, 4),
(25, 'Speker ', 8000, 7500, 16, 0, 0, 105, 0, '', 'images (1).jpeg', 'It is good', 0, '', '', '', '2024-12-14 18:26:06', '2024-12-14 18:26:06', 0, 5),
(26, 'Camera', 40000, 35000, 16, 0, 0, 106, 0, '', 'images (2).jpeg', 'It is good', 0, '', '', '', '2024-12-14 18:27:20', '2024-12-14 18:27:20', 0, 5),
(27, 'Phone', 80000, 75000, 16, 0, 0, 107, 0, '', 'images.jpeg', 'It is good', 0, '', '', '', '2024-12-14 18:29:27', '2024-12-14 18:29:27', 0, 7),
(28, 'Note Pad', 120, 110, 11, 0, 0, 108, 0, '', 'Khata.jpeg', 'It is Good', 0, '', '', '', '2024-12-16 13:12:18', '2024-12-16 13:12:18', 0, 3),
(29, 'pine wood', 100, 95, 11, 2, 1001, 108, 1, '5', '', 'It is Good', 3, 'S', 'Yes', 'Yes', '2024-12-17 18:47:00', '2024-12-17 18:47:00', 1, 8),
(30, 'scrap paper', 130, 110, 11, 2, 1002, 112, 1, '5', '', 'It is Good', 0, '', 'Yes', 'Yes', '2024-12-17 18:48:41', '2024-12-17 18:48:41', 1, 8),
(31, 'Caustic soda', 150, 120, 11, 2, 103, 113, 1, '5', '', 'Caustic soda', 0, '', 'Yes', 'Yes', '2024-12-17 18:49:41', '2024-12-17 18:49:41', 1, 8),
(32, 'Filtered water	', 70, 50, 11, 2, 104, 114, 1, '5', '', 'Filtered water	', 0, '', 'Yes', 'Yes', '2024-12-17 18:50:33', '2024-12-17 18:50:33', 1, 8);

-- --------------------------------------------------------

--
-- Table structure for table `core_purchases`
--

CREATE TABLE `core_purchases` (
  `id` int(11) NOT NULL,
  `supplier_id` int(11) DEFAULT NULL,
  `status_id` int(11) DEFAULT NULL,
  `order_total` double DEFAULT NULL,
  `paid_amount` double DEFAULT NULL,
  `discount` double DEFAULT NULL,
  `vat` double DEFAULT NULL,
  `delivery_date` date DEFAULT NULL,
  `date` date DEFAULT NULL,
  `shipping_address` varchar(150) DEFAULT NULL,
  `description` varchar(150) DEFAULT NULL,
  `created_at` datetime DEFAULT current_timestamp(),
  `updated_at` datetime DEFAULT current_timestamp(),
  `product_id` int(11) NOT NULL
) ENGINE=InnoDB DEFAULT CHARSET=latin1 COLLATE=latin1_swedish_ci;

--
-- Dumping data for table `core_purchases`
--

INSERT INTO `core_purchases` (`id`, `supplier_id`, `status_id`, `order_total`, `paid_amount`, `discount`, `vat`, `delivery_date`, `date`, `shipping_address`, `description`, `created_at`, `updated_at`, `product_id`) VALUES
(74, 1, 1, 144900, 0, 0, 0, '2024-12-26', '2024-12-23', '', '', '2024-12-23 20:44:16', '2024-12-23 20:44:16', 0),
(75, 1, 1, 144900, 0, 0, 0, '2024-12-26', '2024-12-23', '', '', '2024-12-23 20:44:55', '2024-12-23 20:44:55', 0),
(76, 1, 1, 144900, 0, 0, 0, '2024-12-26', '2024-12-23', '', '', '2024-12-23 20:45:06', '2024-12-23 20:45:06', 0),
(77, 1, 1, 105000, 0, 0, 0, '2024-12-26', '2024-12-23', '', '', '2024-12-23 20:47:39', '2024-12-23 20:47:39', 0),
(78, 8, 1, 21525, 0, 0, 0, '2024-12-26', '2024-12-23', '', '', '2024-12-23 20:48:49', '2024-12-23 20:48:49', 0),
(79, 1, 1, 178500, 0, 0, 0, '2024-12-26', '2024-12-23', '', '', '2024-12-23 20:49:21', '2024-12-23 20:49:21', 0),
(80, 1, 1, 304500, 0, 0, 0, '2024-12-26', '2024-12-23', '', '', '2024-12-23 20:50:53', '2024-12-23 20:50:53', 0),
(81, 1, 1, 92400, 0, 0, 0, '2024-12-26', '2024-12-23', '', '', '2024-12-23 20:54:02', '2024-12-23 20:54:02', 0),
(82, 1, 2, 92400, 0, 0, 0, '2024-12-26', '2024-12-23', '', '', '2024-12-23 20:56:20', '2024-12-23 20:56:20', 0),
(83, 10, 2, 13650, 0, 0, 0, '2024-12-26', '2024-12-23', '', '', '2024-12-23 21:33:43', '2024-12-23 21:33:43', 0),
(84, 1, 2, 71400, 0, 0, 0, '2024-12-26', '2024-12-23', '', '', '2024-12-23 21:37:08', '2024-12-23 21:37:08', 0),
(85, 8, 2, 367.5, 0, 0, 0, '2024-12-26', '2024-12-23', '', '', '2024-12-23 21:53:32', '2024-12-23 21:53:32', 0),
(86, 3, 2, 262.5, 0, 0, 0, '2024-12-26', '2024-12-23', '', '', '2024-12-23 21:57:41', '2024-12-23 21:57:41', 0),
(87, 3, 2, 766.5, 0, 0, 0, '2024-12-26', '2024-12-23', '', '', '2024-12-23 22:01:24', '2024-12-23 22:01:24', 0),
(88, 1, 2, 136.5, 0, 0, 0, '2024-12-26', '2024-12-23', '', '', '2024-12-23 22:35:42', '2024-12-23 22:35:42', 0),
(89, 1, 2, 703.5, 0, 0, 0, '2024-12-26', '2024-12-23', '', '', '2024-12-23 22:37:40', '2024-12-23 22:37:40', 0),
(90, 8, 2, 577.5, 0, 0, 0, '2024-12-26', '2024-12-23', '', '', '2024-12-23 22:38:46', '2024-12-23 22:38:46', 0),
(91, 5, 2, 2047.5, 0, 0, 0, '2024-12-26', '2024-12-23', '', '', '2024-12-23 22:42:40', '2024-12-23 22:42:40', 0),
(92, 5, 2, 5460, 0, 0, 0, '2024-12-26', '2024-12-23', '', '', '2024-12-23 22:52:08', '2024-12-23 22:52:08', 0),
(93, 6, 2, 5775, 0, 0, 0, '2024-12-27', '2024-12-24', '', '', '2024-12-24 18:04:02', '2024-12-24 18:04:02', 0),
(94, 7, 2, 71400, 0, 0, 0, '2024-12-27', '2024-12-24', '', '', '2024-12-24 18:07:22', '2024-12-24 18:07:22', 0),
(95, 1, 2, 0, 0, 0, 0, '2024-12-27', '2024-12-24', '', '', '2024-12-24 23:25:20', '2024-12-24 23:25:20', 0),
(96, 3, 2, 9870, 0, 0, 0, '2024-12-30', '2024-12-26', '', '', '2024-12-26 17:37:02', '2024-12-26 17:37:02', 0),
(97, 3, 2, 10290, 0, 0, 0, '2024-12-30', '2024-12-26', '', '', '2024-12-26 17:37:16', '2024-12-26 17:37:16', 0),
(98, 2, 2, 23100, 0, 0, 0, '2025-01-03', '2024-12-30', '', '', '2024-12-30 19:01:43', '2024-12-30 19:01:43', 0),
(99, 4, 2, 2352000, 0, 0, 0, '2025-01-03', '2024-12-30', '', '', '2024-12-30 19:03:02', '2024-12-30 19:03:02', 0),
(100, 3, 2, 388500, 0, 0, 0, '2025-01-03', '2024-12-30', '', '', '2024-12-30 19:03:33', '2024-12-30 19:03:33', 0),
(101, 4, 2, 1827000, 0, 0, 0, '2025-01-03', '2024-12-30', '', '', '2024-12-30 19:03:59', '2024-12-30 19:03:59', 0),
(102, 2, 2, 3921750, 0, 0, 0, '2025-01-03', '2024-12-30', '', '', '2024-12-30 19:04:25', '2024-12-30 19:04:25', 0),
(103, 4, 2, 37275, 0, 0, 0, '2025-01-03', '2024-12-31', '', '', '2024-12-31 09:22:12', '2024-12-31 09:22:12', 0),
(104, 4, 2, 819, 0, 0, 0, '2025-01-03', '2024-12-31', '', '', '2024-12-31 11:06:57', '2024-12-31 11:06:57', 0);

-- --------------------------------------------------------

--
-- Table structure for table `core_purchases_details`
--

CREATE TABLE `core_purchases_details` (
  `id` int(11) NOT NULL,
  `purchases_id` int(11) DEFAULT NULL,
  `product_id` int(11) DEFAULT NULL,
  `qty` double DEFAULT NULL,
  `price` double DEFAULT NULL,
  `discount` double DEFAULT NULL,
  `created_at` datetime DEFAULT current_timestamp(),
  `updated_at` datetime DEFAULT current_timestamp(),
  `vat` double NOT NULL
) ENGINE=InnoDB DEFAULT CHARSET=latin1 COLLATE=latin1_swedish_ci;

--
-- Dumping data for table `core_purchases_details`
--

INSERT INTO `core_purchases_details` (`id`, `purchases_id`, `product_id`, `qty`, `price`, `discount`, `created_at`, `updated_at`, `vat`) VALUES
(80, 75, 26, 4, 35000, 2000, '2024-12-23 20:44:55', '2024-12-23 20:44:55', 0),
(81, 76, 26, 4, 35000, 2000, '2024-12-23 20:45:06', '2024-12-23 20:45:06', 0),
(82, 77, 26, 3, 35000, 5000, '2024-12-23 20:47:39', '2024-12-23 20:47:39', 0),
(83, 78, 25, 3, 7500, 2000, '2024-12-23 20:48:49', '2024-12-23 20:48:49', 0),
(84, 79, 24, 4, 45000, 10000, '2024-12-23 20:49:21', '2024-12-23 20:49:21', 0),
(85, 80, 27, 4, 75000, 10000, '2024-12-23 20:50:53', '2024-12-23 20:50:53', 0),
(86, 81, 24, 2, 45000, 2000, '2024-12-23 20:54:02', '2024-12-23 20:54:02', 0),
(87, 82, 24, 2, 45000, 2000, '2024-12-23 20:56:20', '2024-12-23 20:56:20', 0),
(88, 83, 25, 2, 7500, 2000, '2024-12-23 21:33:43', '2024-12-23 21:33:43', 0),
(89, 84, 26, 2, 35000, 2000, '2024-12-23 21:37:08', '2024-12-23 21:37:08', 0),
(90, 85, 23, 15, 30, 100, '2024-12-23 21:53:32', '2024-12-23 21:53:32', 0),
(91, 86, 22, 15, 18, 20, '2024-12-23 21:57:41', '2024-12-23 21:57:41', 0),
(92, 87, 32, 15, 50, 20, '2024-12-23 22:01:24', '2024-12-23 22:01:24', 0),
(93, 88, 23, 5, 30, 20, '2024-12-23 22:35:42', '2024-12-23 22:35:42', 0),
(94, 89, 22, 40, 18, 50, '2024-12-23 22:37:40', '2024-12-23 22:37:40', 0),
(95, 90, 23, 20, 30, 50, '2024-12-23 22:38:46', '2024-12-23 22:38:46', 0),
(96, 91, 32, 40, 50, 50, '2024-12-23 22:42:40', '2024-12-23 22:42:40', 0),
(97, 92, 30, 50, 110, 300, '2024-12-23 22:52:08', '2024-12-23 22:52:08', 0),
(98, 93, 31, 50, 120, 500, '2024-12-24 18:04:02', '2024-12-24 18:04:02', 0),
(99, 94, 32, 400, 50, 0, '2024-12-24 18:07:22', '2024-12-24 18:07:22', 0),
(100, 94, 31, 400, 120, 0, '2024-12-24 18:07:22', '2024-12-24 18:07:22', 0),
(101, 96, 29, 100, 95, 100, '2024-12-26 17:37:02', '2024-12-26 17:37:02', 0),
(102, 97, 32, 200, 50, 200, '2024-12-26 17:37:16', '2024-12-26 17:37:16', 0),
(103, 98, 18, 50, 450, 500, '2024-12-30 19:01:43', '2024-12-30 19:01:43', 0),
(104, 99, 24, 50, 45000, 10000, '2024-12-30 19:03:02', '2024-12-30 19:03:02', 0),
(105, 100, 25, 50, 7500, 5000, '2024-12-30 19:03:33', '2024-12-30 19:03:33', 0),
(106, 101, 26, 50, 35000, 10000, '2024-12-30 19:03:59', '2024-12-30 19:03:59', 0),
(107, 102, 27, 50, 75000, 15000, '2024-12-30 19:04:25', '2024-12-30 19:04:25', 0),
(108, 103, 29, 100, 95, 500, '2024-12-31 09:22:12', '2024-12-31 09:22:12', 0),
(109, 103, 30, 100, 110, 500, '2024-12-31 09:22:12', '2024-12-31 09:22:12', 0),
(110, 103, 31, 100, 120, 500, '2024-12-31 09:22:12', '2024-12-31 09:22:12', 0),
(111, 103, 32, 100, 50, 500, '2024-12-31 09:22:12', '2024-12-31 09:22:12', 0),
(112, 104, 28, 8, 110, 100, '2024-12-31 11:06:57', '2024-12-31 11:06:57', 0);

-- --------------------------------------------------------

--
-- Table structure for table `core_raw_materials`
--

CREATE TABLE `core_raw_materials` (
  `id` int(11) NOT NULL,
  `material_name` varchar(200) DEFAULT NULL,
  `description` text DEFAULT NULL,
  `quantity` decimal(10,2) DEFAULT NULL,
  `uom_id` int(11) DEFAULT NULL,
  `cost_per_unit` decimal(10,2) DEFAULT NULL,
  `supplier_id` varchar(200) DEFAULT NULL,
  `created_at` datetime DEFAULT current_timestamp(),
  `updated_at` datetime DEFAULT current_timestamp()
) ENGINE=InnoDB DEFAULT CHARSET=latin1 COLLATE=latin1_swedish_ci;

--
-- Dumping data for table `core_raw_materials`
--

INSERT INTO `core_raw_materials` (`id`, `material_name`, `description`, `quantity`, `uom_id`, `cost_per_unit`, `supplier_id`, `created_at`, `updated_at`) VALUES
(1, ' pine wood', '', 1.00, 3, 100.00, '1', '0000-00-00 00:00:00', '0000-00-00 00:00:00'),
(2, ' scrap paper', '', 1.00, 3, 100.00, '1', '0000-00-00 00:00:00', '0000-00-00 00:00:00'),
(3, 'Grass', '', 1.00, 3, 100.00, '1', '0000-00-00 00:00:00', '0000-00-00 00:00:00'),
(4, 'torn clothes', '', 1.00, 3, 50.00, '1', '0000-00-00 00:00:00', '0000-00-00 00:00:00'),
(5, ' Caustic soda', '', 0.00, 3, 120.00, '1', '0000-00-00 00:00:00', '0000-00-00 00:00:00'),
(6, 'Sodium sulfate', '', 0.00, 3, 150.00, '1', '0000-00-00 00:00:00', '0000-00-00 00:00:00'),
(7, 'Color', '', 0.00, 3, 50.00, '1', '0000-00-00 00:00:00', '0000-00-00 00:00:00'),
(8, ' Filtered water', '', 1.00, 3, 20.00, '1', '0000-00-00 00:00:00', '0000-00-00 00:00:00');

-- --------------------------------------------------------

--
-- Table structure for table `core_roles`
--

CREATE TABLE `core_roles` (
  `id` int(10) NOT NULL,
  `name` varchar(20) NOT NULL,
  `updated_at` datetime DEFAULT NULL,
  `created_at` timestamp NOT NULL DEFAULT current_timestamp() ON UPDATE current_timestamp()
) ENGINE=InnoDB DEFAULT CHARSET=latin1 COLLATE=latin1_swedish_ci;

--
-- Dumping data for table `core_roles`
--

INSERT INTO `core_roles` (`id`, `name`, `updated_at`, `created_at`) VALUES
(1, 'Admin', '2024-03-02 04:59:14', '2024-03-01 22:59:14'),
(2, 'Manager', '2024-02-28 12:10:59', '2024-02-28 00:10:59'),
(4, 'Guest', '2024-03-07 10:24:21', '2024-03-06 22:24:21'),
(5, 'Manager', '2024-03-07 12:25:34', '2024-03-07 00:25:34'),
(6, 'Manager', '2024-03-07 12:25:53', '2024-03-07 00:25:53');

-- --------------------------------------------------------

--
-- Table structure for table `core_status`
--

CREATE TABLE `core_status` (
  `id` int(11) NOT NULL,
  `name` varchar(50) DEFAULT NULL,
  `created_at` datetime DEFAULT current_timestamp(),
  `updated_at` datetime DEFAULT current_timestamp()
) ENGINE=InnoDB DEFAULT CHARSET=latin1 COLLATE=latin1_swedish_ci;

--
-- Dumping data for table `core_status`
--

INSERT INTO `core_status` (`id`, `name`, `created_at`, `updated_at`) VALUES
(2, 'Active', '2024-12-14 16:47:18', '2024-12-14 16:47:18'),
(3, 'Inactive', '2024-12-14 16:47:27', '2024-12-14 16:47:27'),
(4, 'Pending', '2024-12-14 16:47:45', '2024-12-14 16:47:45'),
(5, 'In Progress', '2024-12-14 16:48:41', '2024-12-14 16:48:41'),
(6, 'Completed', '2024-12-14 16:48:48', '2024-12-14 16:48:48'),
(7, 'Canceled', '2024-12-14 16:48:54', '2024-12-14 16:48:54');

-- --------------------------------------------------------

--
-- Table structure for table `core_stock`
--

CREATE TABLE `core_stock` (
  `id` int(11) NOT NULL,
  `product_id` int(11) DEFAULT NULL,
  `transaction_type_id` int(11) DEFAULT NULL,
  `warehouse_id` int(11) DEFAULT NULL,
  `qty` double DEFAULT NULL,
  `remark` varchar(200) DEFAULT NULL,
  `created_at` datetime DEFAULT current_timestamp(),
  `updated_at` datetime DEFAULT current_timestamp(),
  `uom_id` int(11) NOT NULL
) ENGINE=InnoDB DEFAULT CHARSET=latin1 COLLATE=latin1_swedish_ci;

--
-- Dumping data for table `core_stock`
--

INSERT INTO `core_stock` (`id`, `product_id`, `transaction_type_id`, `warehouse_id`, `qty`, `remark`, `created_at`, `updated_at`, `uom_id`) VALUES
(200, 24, 3, 4, -2, '', '2024-12-30 18:08:19', '2024-12-30 18:08:19', 7),
(201, 26, 3, 4, -5, '', '2024-12-30 18:08:19', '2024-12-30 18:08:19', 7),
(202, 24, 3, 4, -2, '', '2024-12-30 18:14:28', '2024-12-30 18:14:28', 7),
(203, 25, 3, 4, -3, '', '2024-12-30 18:22:32', '2024-12-30 18:22:32', 7),
(204, 26, 3, 4, -5, '', '2024-12-30 18:23:34', '2024-12-30 18:23:34', 0),
(205, 24, 3, 4, -7, '', '2024-12-30 18:24:32', '2024-12-30 18:24:32', 7),
(206, 27, 3, 4, -3, '', '2024-12-30 18:25:58', '2024-12-30 18:25:58', 7),
(208, 18, 3, 4, -18, '', '2024-12-30 18:34:22', '2024-12-30 18:34:22', 7),
(209, 26, 3, 4, -1, '', '2024-12-30 18:36:49', '2024-12-30 18:36:49', 7),
(210, 25, 3, 4, -3, '', '2024-12-30 18:47:40', '2024-12-30 18:47:40', 7),
(211, 18, 3, 4, 50, '', '2024-12-30 19:01:43', '2024-12-30 19:01:43', 7),
(212, 24, 3, 4, 50, '', '2024-12-30 19:03:02', '2024-12-30 19:03:02', 7),
(213, 25, 3, 4, 50, '', '2024-12-30 19:03:33', '2024-12-30 19:03:33', 7),
(214, 26, 3, 4, 50, '', '2024-12-30 19:03:59', '2024-12-30 19:03:59', 7),
(215, 27, 3, 4, 50, '', '2024-12-30 19:04:25', '2024-12-30 19:04:25', 7),
(216, 26, 3, 0, -2, '', '2024-12-31 00:31:57', '2024-12-31 00:31:57', 7),
(217, 29, 3, 4, 100, '', '2024-12-31 09:22:12', '2024-12-31 09:22:12', 2),
(218, 30, 3, 4, 100, '', '2024-12-31 09:22:12', '2024-12-31 09:22:12', 2),
(219, 31, 3, 4, 100, '', '2024-12-31 09:22:12', '2024-12-31 09:22:12', 2),
(220, 32, 3, 4, 100, '', '2024-12-31 09:22:12', '2024-12-31 09:22:12', 2),
(221, 28, 5, 4, 2, 'Build', '2024-12-31 09:42:01', '2024-12-31 09:42:01', 7),
(222, 30, 5, 4, -20, 'Build', '2024-12-31 09:42:01', '2024-12-31 09:42:01', 2),
(223, 29, 5, 4, -20, 'Build', '2024-12-31 09:42:01', '2024-12-31 09:42:01', 2),
(224, 31, 5, 4, -20, 'Build', '2024-12-31 09:42:01', '2024-12-31 09:42:01', 2),
(225, 32, 5, 4, -20, 'Build', '2024-12-31 09:42:01', '2024-12-31 09:42:01', 2),
(226, 28, 3, 4, 8, '', '2024-12-31 11:06:57', '2024-12-31 11:06:57', 0);

-- --------------------------------------------------------

--
-- Table structure for table `core_stock_adjustment`
--

CREATE TABLE `core_stock_adjustment` (
  `id` int(11) NOT NULL,
  `user_id` int(11) DEFAULT NULL,
  `adjustment_type_id` int(11) DEFAULT NULL,
  `warehouse_id` int(11) DEFAULT NULL,
  `created_at` datetime DEFAULT current_timestamp(),
  `updated_at` datetime DEFAULT current_timestamp()
) ENGINE=InnoDB DEFAULT CHARSET=latin1 COLLATE=latin1_swedish_ci;

-- --------------------------------------------------------

--
-- Table structure for table `core_stock_adjustment_details`
--

CREATE TABLE `core_stock_adjustment_details` (
  `id` int(11) NOT NULL,
  `stock_adjustment_id` int(11) DEFAULT NULL,
  `product_id` int(11) DEFAULT NULL,
  `qty` double DEFAULT NULL,
  `price` double DEFAULT NULL,
  `created_at` datetime DEFAULT current_timestamp(),
  `updated_at` datetime DEFAULT current_timestamp()
) ENGINE=InnoDB DEFAULT CHARSET=latin1 COLLATE=latin1_swedish_ci;

--
-- Dumping data for table `core_stock_adjustment_details`
--

INSERT INTO `core_stock_adjustment_details` (`id`, `stock_adjustment_id`, `product_id`, `qty`, `price`, `created_at`, `updated_at`) VALUES
(1, 1, 1, 5454, 45454, '2024-11-24 19:41:05', '2024-11-24 19:41:05');

-- --------------------------------------------------------

--
-- Table structure for table `core_sub_categories`
--

CREATE TABLE `core_sub_categories` (
  `id` int(11) NOT NULL,
  `name` varchar(50) DEFAULT NULL,
  `created_at` datetime DEFAULT current_timestamp(),
  `updated_at` datetime DEFAULT current_timestamp()
) ENGINE=InnoDB DEFAULT CHARSET=latin1 COLLATE=latin1_swedish_ci;

--
-- Dumping data for table `core_sub_categories`
--

INSERT INTO `core_sub_categories` (`id`, `name`, `created_at`, `updated_at`) VALUES
(1, 'Desktop instruments', '0000-00-00 00:00:00', '0000-00-00 00:00:00'),
(2, 'Drawing instruments', '0000-00-00 00:00:00', '0000-00-00 00:00:00'),
(3, 'Writing instruments	', '0000-00-00 00:00:00', '0000-00-00 00:00:00'),
(4, ' Laptops', '0000-00-00 00:00:00', '0000-00-00 00:00:00'),
(5, 'Wearables', '0000-00-00 00:00:00', '0000-00-00 00:00:00'),
(7, 'Mobile Devices', '0000-00-00 00:00:00', '0000-00-00 00:00:00'),
(8, 'Paper', '0000-00-00 00:00:00', '0000-00-00 00:00:00'),
(9, ' Erasers', '0000-00-00 00:00:00', '0000-00-00 00:00:00'),
(10, 'Tablets', '0000-00-00 00:00:00', '0000-00-00 00:00:00'),
(11, 'Computers', '0000-00-00 00:00:00', '0000-00-00 00:00:00'),
(12, 'Appliances', '0000-00-00 00:00:00', '0000-00-00 00:00:00'),
(13, ' Printers', '0000-00-00 00:00:00', '0000-00-00 00:00:00');

-- --------------------------------------------------------

--
-- Table structure for table `core_suppliers`
--

CREATE TABLE `core_suppliers` (
  `id` int(11) NOT NULL,
  `name` varchar(50) DEFAULT NULL,
  `phone` varchar(20) DEFAULT NULL,
  `email` varchar(30) DEFAULT NULL,
  `address` varchar(200) DEFAULT NULL,
  `photo` varchar(100) DEFAULT NULL,
  `created_at` datetime DEFAULT current_timestamp(),
  `updated_at` datetime DEFAULT current_timestamp()
) ENGINE=InnoDB DEFAULT CHARSET=latin1 COLLATE=latin1_swedish_ci;

--
-- Dumping data for table `core_suppliers`
--

INSERT INTO `core_suppliers` (`id`, `name`, `phone`, `email`, `address`, `photo`, `created_at`, `updated_at`) VALUES
(1, 'AYNUL BARI ', '0123569888', 'aynul.bari0@gmail.com', 'Dhaka', '20.webp', '2024-11-19 19:37:33', '2024-11-19 19:37:33'),
(3, 'Saykat Islam', '01318172994', 'saykat@gmail.com', 'Khulna', 'istockphoto-1171240531-612x612.jpg', '2024-11-19 21:35:21', '2024-11-19 21:35:21'),
(4, 'Karim', '01318172994', 'karim@gmail.com', 'Bogura', 'istockphoto-2166449876-612x612.jpg', '2024-11-19 22:42:49', '2024-11-19 22:42:49'),
(5, 'Rahman', '2154548787', 'rahman@gmail.com', 'Naogaon', 'istockphoto-147261539-612x612.jpg', '2024-11-19 22:43:13', '2024-11-19 22:43:13'),
(6, 'Rasel', '8787878787', 'rasel@gmail.com', 'Dhaka', 'images.jpeg', '2024-11-19 22:43:27', '2024-11-19 22:43:27'),
(7, 'Kader', '989895656', 'kader@productify.com', 'Barishal', 'Black-oversized-T-shirt02.jpg', '2024-11-19 22:43:55', '2024-11-19 22:43:55'),
(8, 'Shohan', '32656989', 'shohan@gmail.com', 'Chattrogram', 'istockphoto-1450776898-612x612.jpg', '2024-11-20 15:21:43', '2024-11-20 15:21:43');

-- --------------------------------------------------------

--
-- Table structure for table `core_transaction_type`
--

CREATE TABLE `core_transaction_type` (
  `id` int(11) NOT NULL,
  `name` varchar(50) DEFAULT NULL,
  `factor` float DEFAULT NULL,
  `created_at` datetime DEFAULT current_timestamp(),
  `updated_at` datetime DEFAULT current_timestamp()
) ENGINE=InnoDB DEFAULT CHARSET=latin1 COLLATE=latin1_swedish_ci;

-- --------------------------------------------------------

--
-- Table structure for table `core_uom`
--

CREATE TABLE `core_uom` (
  `id` int(11) NOT NULL,
  `name` varchar(50) DEFAULT NULL,
  `created_at` datetime DEFAULT current_timestamp(),
  `updated_at` datetime DEFAULT current_timestamp()
) ENGINE=InnoDB DEFAULT CHARSET=latin1 COLLATE=latin1_swedish_ci;

--
-- Dumping data for table `core_uom`
--

INSERT INTO `core_uom` (`id`, `name`, `created_at`, `updated_at`) VALUES
(2, 'Kilogram (kg)', '2024-12-16 00:06:17', '2024-12-16 00:06:17'),
(3, 'Meter (m) ', '2024-12-16 00:06:36', '2024-12-16 00:06:36'),
(4, ' Litre (L)', '2024-12-16 00:07:01', '2024-12-16 00:07:01'),
(5, 'Inch', '2024-12-16 00:08:05', '2024-12-16 00:08:05'),
(6, 'Yard', '2024-12-16 00:08:44', '2024-12-16 00:08:44'),
(7, 'Pieces', '2024-12-16 00:09:47', '2024-12-16 00:09:47');

-- --------------------------------------------------------

--
-- Table structure for table `core_users`
--

CREATE TABLE `core_users` (
  `id` int(10) NOT NULL,
  `name` varchar(50) DEFAULT NULL,
  `role_id` int(10) DEFAULT NULL,
  `password` varchar(100) DEFAULT NULL,
  `email` varchar(50) DEFAULT NULL,
  `full_name` varchar(50) DEFAULT NULL,
  `created_at` timestamp NOT NULL DEFAULT current_timestamp() ON UPDATE current_timestamp(),
  `photo` varchar(50) DEFAULT NULL,
  `verify_code` varchar(50) DEFAULT NULL,
  `inactive` tinyint(1) UNSIGNED DEFAULT 0,
  `mobile` varchar(50) DEFAULT NULL,
  `updated_at` datetime DEFAULT NULL,
  `ip` varchar(45) DEFAULT NULL,
  `email_verified_at` datetime DEFAULT NULL,
  `remember_token` varchar(145) DEFAULT NULL
) ENGINE=InnoDB DEFAULT CHARSET=latin1 COLLATE=latin1_swedish_ci;

--
-- Dumping data for table `core_users`
--

INSERT INTO `core_users` (`id`, `name`, `role_id`, `password`, `email`, `full_name`, `created_at`, `photo`, `verify_code`, `inactive`, `mobile`, `updated_at`, `ip`, `email_verified_at`, `remember_token`) VALUES
(127, 'admin', 1, '$2y$10$zeyUFTm0vqQ0uAUS04kl4ubY6.2Y0zQXqcFC70XvD.8Ot5s3Om5PG', 'towhid1@outlook.com', 'Mohammad Towhidul Islam', '2024-12-16 06:13:37', '', '', 0, 'iam.ryanrana', '0000-00-00 00:00:00', '', '0000-00-00 00:00:00', ''),
(192, 'naeem', 2, '$2y$10$BTQzbrLdYG9/hSfLBf7mzOLzDG1kp6E90OaMh9jEWBafyGkG6oAt6', 'naymur@gmail.com', 'Naymur Rahman', '2024-04-03 23:43:27', NULL, NULL, 0, '01800000000', NULL, '192.168.150.25', NULL, NULL),
(194, 'jakaria', 2, '$2y$10$Zyt3rgYgF9vnDBhNRN/8lO1BirJFCCNr3rhTRiI.7W1aVIuriBJiS', 'jkp.jakaria@gmail.com', 'jkp', '2024-04-14 22:53:54', NULL, NULL, 0, '01642527454', NULL, '192.168.150.47', NULL, NULL),
(196, 'Aminur', 2, '$2y$10$u1Wku9Uh61adCVAPm6ToSOp.8EgdXkiXo/DGp3oD.i/8o9I6a/Dai', 'amiur@gmail.com', 'Aminur Rahman', '2024-04-03 23:45:19', NULL, NULL, 0, '01800000000', NULL, '192.168.150.25', NULL, NULL);

-- --------------------------------------------------------

--
-- Table structure for table `core_warehouse`
--

CREATE TABLE `core_warehouse` (
  `id` int(11) NOT NULL,
  `name` varchar(50) DEFAULT NULL,
  `phone` varchar(20) DEFAULT NULL,
  `location` varchar(200) DEFAULT NULL,
  `address` varchar(200) DEFAULT NULL,
  `created_at` datetime DEFAULT current_timestamp(),
  `updated_at` datetime DEFAULT current_timestamp()
) ENGINE=InnoDB DEFAULT CHARSET=latin1 COLLATE=latin1_swedish_ci;

--
-- Dumping data for table `core_warehouse`
--

INSERT INTO `core_warehouse` (`id`, `name`, `phone`, `location`, `address`, `created_at`, `updated_at`) VALUES
(2, 'Ashok house', '014785236', 'Dhaka', 'Dhanmondi,Dhaka.', '2024-12-06 21:13:40', '2024-12-06 21:13:40'),
(3, 'Totul Enter Prise', '012369854', 'Dhaka', 'New Market, Dhaka.', '2024-12-06 21:37:02', '2024-12-06 21:37:02'),
(4, 'Samit Enter Prise', '01423569825', 'Dhaka', 'Gulshan, Dhaka.', '2024-12-18 01:59:41', '2024-12-18 01:59:41'),
(5, 'Sajib Enter Prize ', '01785236989', 'Dhaka', 'Savar, Dhaka.', '2024-12-18 02:00:14', '2024-12-18 02:00:14');

-- --------------------------------------------------------

--
-- Structure for view `all_order_view`
--
DROP TABLE IF EXISTS `all_order_view`;

CREATE ALGORITHM=UNDEFINED DEFINER=`root`@`localhost` SQL SECURITY DEFINER VIEW `all_order_view`  AS SELECT `core_orders`.`id` AS `id`, `core_orders`.`customar_id` AS `customar_id`, `core_orders`.`order_total` AS `order_total`, `core_orders`.`discount` AS `discount`, `core_orders`.`shipping_address` AS `shipping_address`, `core_orders`.`paid_amount` AS `paid_amount`, `core_orders`.`status_id` AS `status_id`, `core_orders`.`order_date` AS `order_date`, `core_orders`.`delivery_date` AS `delivery_date`, `core_orders`.`vat` AS `vat`, `core_orders`.`created_at` AS `created_at`, `core_orders`.`updated_at` AS `updated_at`, `core_orders`.`uom_id` AS `uom_id`, `core_customars`.`name` AS `customar`, `core_status`.`name` AS `status`, `core_uom`.`name` AS `uom` FROM (((`core_orders` left join `core_customars` on(`core_orders`.`customar_id` = `core_customars`.`id`)) left join `core_status` on(`core_orders`.`status_id` = `core_status`.`id`)) left join `core_uom` on(`core_orders`.`uom_id` = `core_uom`.`id`)) ;

-- --------------------------------------------------------

--
-- Structure for view `all_products_view`
--
DROP TABLE IF EXISTS `all_products_view`;

CREATE ALGORITHM=UNDEFINED DEFINER=`root`@`localhost` SQL SECURITY DEFINER VIEW `all_products_view`  AS SELECT `core_products`.`id` AS `id`, `core_products`.`name` AS `name`, `core_products`.`price` AS `price`, `core_products`.`offer_price` AS `offer_price`, `core_products`.`categorie_id` AS `categorie_id`, `core_products`.`uom_id` AS `uom_id`, `core_products`.`barcode` AS `barcode`, `core_products`.`sku` AS `sku`, `core_products`.`manufacturer_id` AS `manufacturer_id`, `core_products`.`star` AS `star`, `core_products`.`photo` AS `photo`, `core_products`.`description` AS `description`, `core_products`.`weight` AS `weight`, `core_products`.`size` AS `size`, `core_products`.`is_feature` AS `is_feature`, `core_products`.`is_brand` AS `is_brand`, `core_products`.`created_at` AS `created_at`, `core_products`.`updated_at` AS `updated_at`, `core_manufacturers`.`name` AS `manufacturer`, `core_categories`.`name` AS `categories`, `core_uom`.`name` AS `uom` FROM (((`core_products` left join `core_manufacturers` on(`core_products`.`manufacturer_id` = `core_manufacturers`.`id`)) left join `core_categories` on(`core_products`.`categorie_id` = `core_categories`.`id`)) left join `core_uom` on(`core_products`.`uom_id` = `core_uom`.`id`)) ;

-- --------------------------------------------------------

--
-- Structure for view `all_products_views`
--
DROP TABLE IF EXISTS `all_products_views`;

CREATE ALGORITHM=UNDEFINED DEFINER=`root`@`localhost` SQL SECURITY DEFINER VIEW `all_products_views`  AS SELECT `core_products`.`id` AS `id`, `core_products`.`name` AS `name`, `core_products`.`price` AS `price`, `core_products`.`offer_price` AS `offer_price`, `core_products`.`categorie_id` AS `categorie_id`, `core_products`.`uom_id` AS `uom_id`, `core_products`.`barcode` AS `barcode`, `core_products`.`sku` AS `sku`, `core_products`.`manufacturer_id` AS `manufacturer_id`, `core_products`.`star` AS `star`, `core_products`.`photo` AS `photo`, `core_products`.`description` AS `description`, `core_products`.`weight` AS `weight`, `core_products`.`size` AS `size`, `core_products`.`is_feature` AS `is_feature`, `core_products`.`is_brand` AS `is_brand`, `core_products`.`created_at` AS `created_at`, `core_products`.`updated_at` AS `updated_at`, `core_products`.`is_raw_material` AS `is_raw_material`, `core_manufacturers`.`name` AS `manufacturer`, `core_categories`.`name` AS `categories`, `core_uom`.`name` AS `uom` FROM (((`core_products` left join `core_manufacturers` on(`core_products`.`manufacturer_id` = `core_manufacturers`.`id`)) left join `core_categories` on(`core_products`.`categorie_id` = `core_categories`.`id`)) left join `core_uom` on(`core_products`.`uom_id` = `core_uom`.`id`)) ;

-- --------------------------------------------------------

--
-- Structure for view `all_product_views`
--
DROP TABLE IF EXISTS `all_product_views`;

CREATE ALGORITHM=UNDEFINED DEFINER=`root`@`localhost` SQL SECURITY DEFINER VIEW `all_product_views`  AS SELECT `core_products`.`id` AS `id`, `core_products`.`name` AS `name`, `core_products`.`price` AS `price`, `core_products`.`offer_price` AS `offer_price`, `core_products`.`categorie_id` AS `categorie_id`, `core_products`.`uom_id` AS `uom_id`, `core_products`.`barcode` AS `barcode`, `core_products`.`sku` AS `sku`, `core_products`.`manufacturer_id` AS `manufacturer_id`, `core_products`.`star` AS `star`, `core_products`.`photo` AS `photo`, `core_products`.`description` AS `description`, `core_products`.`weight` AS `weight`, `core_products`.`size` AS `size`, `core_products`.`is_feature` AS `is_feature`, `core_products`.`is_brand` AS `is_brand`, `core_products`.`created_at` AS `created_at`, `core_products`.`updated_at` AS `updated_at`, `core_products`.`is_raw_material` AS `is_raw_material`, `core_products`.`sub_categorie_id` AS `sub_categorie_id`, `core_manufacturers`.`name` AS `manufacturer`, `core_categories`.`name` AS `categories`, `core_sub_categories`.`name` AS `subcategory`, `core_uom`.`name` AS `uom` FROM ((((`core_products` left join `core_manufacturers` on(`core_products`.`manufacturer_id` = `core_manufacturers`.`id`)) left join `core_categories` on(`core_products`.`categorie_id` = `core_categories`.`id`)) left join `core_sub_categories` on(`core_products`.`sub_categorie_id` = `core_sub_categories`.`id`)) left join `core_uom` on(`core_products`.`uom_id` = `core_uom`.`id`)) ;

-- --------------------------------------------------------

--
-- Structure for view `all_purchases_view`
--
DROP TABLE IF EXISTS `all_purchases_view`;

CREATE ALGORITHM=UNDEFINED DEFINER=`root`@`localhost` SQL SECURITY DEFINER VIEW `all_purchases_view`  AS SELECT `core_purchases`.`id` AS `id`, `core_purchases`.`supplier_id` AS `supplier_id`, `core_purchases`.`status_id` AS `status_id`, `core_purchases`.`order_total` AS `order_total`, `core_purchases`.`paid_amount` AS `paid_amount`, `core_purchases`.`discount` AS `discount`, `core_purchases`.`vat` AS `vat`, `core_purchases`.`delivery_date` AS `delivery_date`, `core_purchases`.`date` AS `date`, `core_purchases`.`shipping_address` AS `shipping_address`, `core_purchases`.`description` AS `description`, `core_purchases`.`created_at` AS `created_at`, `core_purchases`.`updated_at` AS `updated_at`, `core_purchases`.`product_id` AS `product_id`, `core_suppliers`.`name` AS `supllier`, `core_status`.`name` AS `status` FROM ((`core_purchases` left join `core_suppliers` on(`core_purchases`.`supplier_id` = `core_suppliers`.`id`)) left join `core_status` on(`core_purchases`.`status_id` = `core_status`.`id`)) ;

--
-- Indexes for dumped tables
--

--
-- Indexes for table `core_adjustment_type`
--
ALTER TABLE `core_adjustment_type`
  ADD PRIMARY KEY (`id`);

--
-- Indexes for table `core_build`
--
ALTER TABLE `core_build`
  ADD PRIMARY KEY (`id`);

--
-- Indexes for table `core_categories`
--
ALTER TABLE `core_categories`
  ADD PRIMARY KEY (`id`);

--
-- Indexes for table `core_customars`
--
ALTER TABLE `core_customars`
  ADD PRIMARY KEY (`id`);

--
-- Indexes for table `core_manufacturers`
--
ALTER TABLE `core_manufacturers`
  ADD PRIMARY KEY (`id`);

--
-- Indexes for table `core_orders`
--
ALTER TABLE `core_orders`
  ADD PRIMARY KEY (`id`);

--
-- Indexes for table `core_order_details`
--
ALTER TABLE `core_order_details`
  ADD PRIMARY KEY (`id`);

--
-- Indexes for table `core_payments`
--
ALTER TABLE `core_payments`
  ADD PRIMARY KEY (`id`);

--
-- Indexes for table `core_portfolio_data`
--
ALTER TABLE `core_portfolio_data`
  ADD PRIMARY KEY (`id`);

--
-- Indexes for table `core_production`
--
ALTER TABLE `core_production`
  ADD PRIMARY KEY (`id`);

--
-- Indexes for table `core_production_details`
--
ALTER TABLE `core_production_details`
  ADD PRIMARY KEY (`id`);

--
-- Indexes for table `core_products`
--
ALTER TABLE `core_products`
  ADD PRIMARY KEY (`id`);

--
-- Indexes for table `core_purchases`
--
ALTER TABLE `core_purchases`
  ADD PRIMARY KEY (`id`);

--
-- Indexes for table `core_purchases_details`
--
ALTER TABLE `core_purchases_details`
  ADD PRIMARY KEY (`id`);

--
-- Indexes for table `core_raw_materials`
--
ALTER TABLE `core_raw_materials`
  ADD PRIMARY KEY (`id`);

--
-- Indexes for table `core_roles`
--
ALTER TABLE `core_roles`
  ADD PRIMARY KEY (`id`);

--
-- Indexes for table `core_status`
--
ALTER TABLE `core_status`
  ADD PRIMARY KEY (`id`);

--
-- Indexes for table `core_stock`
--
ALTER TABLE `core_stock`
  ADD PRIMARY KEY (`id`);

--
-- Indexes for table `core_stock_adjustment`
--
ALTER TABLE `core_stock_adjustment`
  ADD PRIMARY KEY (`id`);

--
-- Indexes for table `core_stock_adjustment_details`
--
ALTER TABLE `core_stock_adjustment_details`
  ADD PRIMARY KEY (`id`);

--
-- Indexes for table `core_sub_categories`
--
ALTER TABLE `core_sub_categories`
  ADD PRIMARY KEY (`id`);

--
-- Indexes for table `core_suppliers`
--
ALTER TABLE `core_suppliers`
  ADD PRIMARY KEY (`id`);

--
-- Indexes for table `core_transaction_type`
--
ALTER TABLE `core_transaction_type`
  ADD PRIMARY KEY (`id`);

--
-- Indexes for table `core_uom`
--
ALTER TABLE `core_uom`
  ADD PRIMARY KEY (`id`);

--
-- Indexes for table `core_users`
--
ALTER TABLE `core_users`
  ADD PRIMARY KEY (`id`);

--
-- Indexes for table `core_warehouse`
--
ALTER TABLE `core_warehouse`
  ADD PRIMARY KEY (`id`);

--
-- AUTO_INCREMENT for dumped tables
--

--
-- AUTO_INCREMENT for table `core_adjustment_type`
--
ALTER TABLE `core_adjustment_type`
  MODIFY `id` int(11) NOT NULL AUTO_INCREMENT;

--
-- AUTO_INCREMENT for table `core_build`
--
ALTER TABLE `core_build`
  MODIFY `id` int(11) NOT NULL AUTO_INCREMENT, AUTO_INCREMENT=16;

--
-- AUTO_INCREMENT for table `core_categories`
--
ALTER TABLE `core_categories`
  MODIFY `id` int(11) NOT NULL AUTO_INCREMENT, AUTO_INCREMENT=23;

--
-- AUTO_INCREMENT for table `core_customars`
--
ALTER TABLE `core_customars`
  MODIFY `id` int(11) NOT NULL AUTO_INCREMENT, AUTO_INCREMENT=7;

--
-- AUTO_INCREMENT for table `core_manufacturers`
--
ALTER TABLE `core_manufacturers`
  MODIFY `id` int(11) NOT NULL AUTO_INCREMENT, AUTO_INCREMENT=6;

--
-- AUTO_INCREMENT for table `core_orders`
--
ALTER TABLE `core_orders`
  MODIFY `id` int(11) NOT NULL AUTO_INCREMENT, AUTO_INCREMENT=45;

--
-- AUTO_INCREMENT for table `core_order_details`
--
ALTER TABLE `core_order_details`
  MODIFY `id` int(11) NOT NULL AUTO_INCREMENT, AUTO_INCREMENT=61;

--
-- AUTO_INCREMENT for table `core_payments`
--
ALTER TABLE `core_payments`
  MODIFY `id` int(11) NOT NULL AUTO_INCREMENT;

--
-- AUTO_INCREMENT for table `core_portfolio_data`
--
ALTER TABLE `core_portfolio_data`
  MODIFY `id` int(11) NOT NULL AUTO_INCREMENT, AUTO_INCREMENT=3;

--
-- AUTO_INCREMENT for table `core_production`
--
ALTER TABLE `core_production`
  MODIFY `id` int(11) NOT NULL AUTO_INCREMENT, AUTO_INCREMENT=81;

--
-- AUTO_INCREMENT for table `core_production_details`
--
ALTER TABLE `core_production_details`
  MODIFY `id` int(11) NOT NULL AUTO_INCREMENT, AUTO_INCREMENT=110;

--
-- AUTO_INCREMENT for table `core_products`
--
ALTER TABLE `core_products`
  MODIFY `id` int(11) NOT NULL AUTO_INCREMENT, AUTO_INCREMENT=33;

--
-- AUTO_INCREMENT for table `core_purchases`
--
ALTER TABLE `core_purchases`
  MODIFY `id` int(11) NOT NULL AUTO_INCREMENT, AUTO_INCREMENT=105;

--
-- AUTO_INCREMENT for table `core_purchases_details`
--
ALTER TABLE `core_purchases_details`
  MODIFY `id` int(11) NOT NULL AUTO_INCREMENT, AUTO_INCREMENT=113;

--
-- AUTO_INCREMENT for table `core_raw_materials`
--
ALTER TABLE `core_raw_materials`
  MODIFY `id` int(11) NOT NULL AUTO_INCREMENT, AUTO_INCREMENT=9;

--
-- AUTO_INCREMENT for table `core_roles`
--
ALTER TABLE `core_roles`
  MODIFY `id` int(10) NOT NULL AUTO_INCREMENT, AUTO_INCREMENT=7;

--
-- AUTO_INCREMENT for table `core_status`
--
ALTER TABLE `core_status`
  MODIFY `id` int(11) NOT NULL AUTO_INCREMENT, AUTO_INCREMENT=8;

--
-- AUTO_INCREMENT for table `core_stock`
--
ALTER TABLE `core_stock`
  MODIFY `id` int(11) NOT NULL AUTO_INCREMENT, AUTO_INCREMENT=227;

--
-- AUTO_INCREMENT for table `core_stock_adjustment`
--
ALTER TABLE `core_stock_adjustment`
  MODIFY `id` int(11) NOT NULL AUTO_INCREMENT;

--
-- AUTO_INCREMENT for table `core_stock_adjustment_details`
--
ALTER TABLE `core_stock_adjustment_details`
  MODIFY `id` int(11) NOT NULL AUTO_INCREMENT, AUTO_INCREMENT=2;

--
-- AUTO_INCREMENT for table `core_sub_categories`
--
ALTER TABLE `core_sub_categories`
  MODIFY `id` int(11) NOT NULL AUTO_INCREMENT, AUTO_INCREMENT=14;

--
-- AUTO_INCREMENT for table `core_suppliers`
--
ALTER TABLE `core_suppliers`
  MODIFY `id` int(11) NOT NULL AUTO_INCREMENT, AUTO_INCREMENT=26;

--
-- AUTO_INCREMENT for table `core_transaction_type`
--
ALTER TABLE `core_transaction_type`
  MODIFY `id` int(11) NOT NULL AUTO_INCREMENT;

--
-- AUTO_INCREMENT for table `core_uom`
--
ALTER TABLE `core_uom`
  MODIFY `id` int(11) NOT NULL AUTO_INCREMENT, AUTO_INCREMENT=8;

--
-- AUTO_INCREMENT for table `core_users`
--
ALTER TABLE `core_users`
  MODIFY `id` int(10) NOT NULL AUTO_INCREMENT, AUTO_INCREMENT=216;

--
-- AUTO_INCREMENT for table `core_warehouse`
--
ALTER TABLE `core_warehouse`
  MODIFY `id` int(11) NOT NULL AUTO_INCREMENT, AUTO_INCREMENT=6;
COMMIT;

/*!40101 SET CHARACTER_SET_CLIENT=@OLD_CHARACTER_SET_CLIENT */;
/*!40101 SET CHARACTER_SET_RESULTS=@OLD_CHARACTER_SET_RESULTS */;
/*!40101 SET COLLATION_CONNECTION=@OLD_COLLATION_CONNECTION */;
